split,n,lbl0,lbl1,lbl2,s1_len_mean,s1_len_p95,s2_len_mean,s2_len_p95
train,20073,2876,6004,11193,22.664424849300055,33.0,22.775469536192897,34.0
validation,2434,353,734,1347,22.569022185702547,33.0,22.847165160230073,33.0
