split,n,ctx_len_mean,ctx_len_p95,q_len_mean,q_len_p95,ans_len_mean,ans_len_p95
train,62859,189.46532716078843,359.0,28.070252469813394,59.0,6.111042173753957,14.0
validation,4442,183.502251238181,343.0,28.771499324628547,59.0,6.174470959027465,14.0
